[{
    "id": 1,
    "name": "John Slim",
    "date": "2013-06-20",
    "description": "This is the lead paragraph of the article. Pellentesque habitant morbi tristique senectus et netus et malesuada fames ac turpis egestas. Vestibulum tortor quam, feugiat vitae, ultricies eget.",
    "image": "blog-medium.jpg",
    "imageDescription": "Example blog post alt",
    "note": "Lorem ipsum dolor sit amet, consectetur adipiscing elit. Vivamus magna. Cras in mi at felis aliquet congue. Ut a est eget ligula molestie gravida. Curabitur massa. Donec eleifend, libero at sagittis mollis, tellus est malesuada tellus, at luctus turpis elit sit amet quam. Vivamus pretium ornare est.",
    "comments": [{
        "name": "Julie Alma",
        "date": "September 23, 2011 12:00 am",
        "message": "Pellentesque habitant morbi tristique senectus et netus et malesuada fames ac turpis egestas. Vestibulum tortor quam, feugiat vitae, ultricies eget, tempor sit amet, ante. Donec eu libero sit amet quam egestas semper. Aenean ultricies mi vitae est. Mauris placerat eleifend leo.",
        "image":"blog-avatar.jpg"
    }, {
        "name": "Louise Armero",
        "date": "September 23, 2012 12:00 am",
        "message": "Pellentesque habitant morbi tristique senectus et netus et malesuada fames ac turpis egestas. Vestibulum tortor quam, feugiat vitae, ultricies eget, tempor sit amet, ante. Donec eu libero sit amet quam egestas semper. Aenean ultricies mi vitae est. Mauris placerat eleifend leo.",
        "image":"blog-avatar2.jpg"
    }]
},
{
    "id": 2,
    "name": "John Snow",
    "date": "2014-06-20",
    "description": "This is the lead paragraph of the article. Pellentesque habitant morbi tristique senectus et netus et malesuada fames ac turpis egestas. Vestibulum tortor quam, feugiat vitae, ultricies eget.",
    "image": "blog2.jpg",
    "imageDescription": "Example blog post alt",
    "note": "Lorem ipsum dolor sit amet, consectetur adipiscing elit. Vivamus magna. Cras in mi at felis aliquet congue. Ut a est eget ligula molestie gravida. Curabitur massa. Donec eleifend, libero at sagittis mollis, tellus est malesuada tellus, at luctus turpis elit sit amet quam. Vivamus pretium ornare est.",
    "comments": [{
        "name": "Julie Alma",
        "date": "September 23, 2011 12:00 am",
        "message": "Pellentesque habitant morbi tristique senectus et netus et malesuada fames ac turpis egestas. Vestibulum tortor quam, feugiat vitae, ultricies eget, tempor sit amet, ante. Donec eu libero sit amet quam egestas semper. Aenean ultricies mi vitae est. Mauris placerat eleifend leo.",
        "image":"blog-avatar.jpg"
    }, {
        "name": "Louise Armero",
        "date": "September 23, 2012 12:00 am",
        "message": "Pellentesque habitant morbi tristique senectus et netus et malesuada fames ac turpis egestas. Vestibulum tortor quam, feugiat vitae, ultricies eget, tempor sit amet, ante. Donec eu libero sit amet quam egestas semper. Aenean ultricies mi vitae est. Mauris placerat eleifend leo.",
        "image":"blog-avatar2.jpg"
    }, {
        "name": "Marie Algino",
        "date": "September 23, 2012 12:00 am",
        "message": "Pellentesque habitant morbi tristique senectus et netus et malesuada fames ac turpis egestas. Vestibulum tortor quam, feugiat vitae, ultricies eget, tempor sit amet, ante. Donec eu libero sit amet quam egestas semper. Aenean ultricies mi vitae est. Mauris placerat eleifend leo.",
        "image":"blog-avatar.jpg"
    }]
},
{
    "id": 3,
    "name": "Regina Micheal",
    "date": "2012-04-20",
    "description": "This is the lead paragraph of the article. Pellentesque habitant morbi tristique senectus et netus et malesuada fames ac turpis egestas. Vestibulum tortor quam, feugiat vitae, ultricies eget.",
    "image": "blog2.jpg",
    "imageDescription": "Example blog post alt",
    "note": "Lorem ipsum dolor sit amet, consectetur adipiscing elit. Vivamus magna. Cras in mi at felis aliquet congue. Ut a est eget ligula molestie gravida. Curabitur massa. Donec eleifend, libero at sagittis mollis, tellus est malesuada tellus, at luctus turpis elit sit amet quam. Vivamus pretium ornare est."
},{
    "id": 3,
    "name": "",
    "date": "2012-04-20",
    "description": "This is the lead paragraph of the article. Pellentesque habitant morbi tristique senectus et netus et malesuada fames ac turpis egestas. Vestibulum tortor quam, feugiat vitae, ultricies eget.",
    "image": "blog2.jpg",
    "imageDescription": "Example blog post alt",
    "note": "Lorem ipsum dolor sit amet, consectetur adipiscing elit. Vivamus magna. Cras in mi at felis aliquet congue. Ut a est eget ligula molestie gravida. Curabitur massa. Donec eleifend, libero at sagittis mollis, tellus est malesuada tellus, at luctus turpis elit sit amet quam. Vivamus pretium ornare est."
}]
